s1	One guard. Sixteen dark rooms. And every one of them is his to watch.
s2a	Somewhere inside, an intruder is moving.
s2b	The only thing that gives him away is his torch.
s3a	So the guard checks the rooms in order. Two at a time.
s3b	He's watching rooms three and four. The torch is in room ten.
s3c	By the time he gets there, it's gone.
s4a	It keeps happening. Always in a room he isn't watching.
s4b	Too many rooms. Too little time to look.
s5a	Now swap the building for the radio spectrum.
s5b	Every room is a frequency band. The guard is a receiver.
s6	So how does it decide where to look, and when?
